timestamp,notebook,cell_id,runtime_sec,cpu_util_avg,gpu_util_avg,cpu_power_w,gpu_power_w,energy_kwh,co2_g,hardware_type,hardware_name,cpu_temp_c,gpu_temp_c,gpu_mem_used_mb,gpu_mem_free_mb,gpu_mem_total_mb,notes
2025-11-17T02:14:21,Cluster_KMEans,1,0.2198200225830078,93.85,0.0,34.51,0,2.1072191609276666e-06,0.0010009291014406415,CPU,No GPU,0.0,0,0,0,0,
2025-11-17T02:14:22,Cluster_KMEans,2,0.3129088878631592,99.8,0.0,35.0,0,3.042169743114048e-06,0.0014450306279791725,CPU,No GPU,0.0,0,0,0,0,
2025-11-17T02:14:29,Cluster_KMEans,3,0.06686735153198242,72.6,0.0,26.495,0,4.921251330110763e-07,0.00023375943818026122,CPU,No GPU,0.0,0,0,0,0,
2025-11-17T02:14:29,Cluster_KMEans,4,0.12511730194091797,94.44999999999999,0.0,32.934999999999995,0,1.1446495387289256e-06,0.0005437085308962397,CPU,No GPU,0.0,0,0,0,0,
2025-11-17T02:14:30,Cluster_KMEans,5,0.1625049114227295,96.65,0.0,33.74,0,1.5230321420563592e-06,0.0007234402674767705,CPU,No GPU,0.0,0,0,0,0,
2025-11-17T02:14:30,Cluster_KMEans,6,0.2774655818939209,98.15,0.0,34.754999999999995,0,2.678698971867561e-06,0.0012723820116370913,CPU,No GPU,0.0,0,0,0,0,
2025-11-17T02:14:31,Cluster_KMEans,7,0.07453393936157227,88.75,0.0,31.395,0,6.499980628490448e-07,0.00030874907985329627,CPU,No GPU,0.0,0,0,0,0,
2025-11-17T02:14:33,Cluster_KMEans,8,2.209730386734009,75.6,0.0,29.504999999999995,0,1.8110581961274145e-05,0.008602526431605218,CPU,No GPU,0.0,0,0,0,0,
2025-11-17T02:14:33,Cluster_KMEans,9,0.10539746284484863,94.6,0.0,35.0,0,1.0246975554360282e-06,0.0004867313388321134,CPU,No GPU,0.0,0,0,0,0,
2025-11-17T02:14:34,Cluster_KMEans,10,0.13328194618225098,93.95,0.0,33.425,0,1.2374858475393718e-06,0.0005878057775812015,CPU,No GPU,0.0,0,0,0,0,
2025-11-17T02:14:34,Cluster_KMEans,11,0.09736132621765137,98.75,0.0,35.0,0,9.465684493382772e-07,0.0004496200134356816,CPU,No GPU,0.0,0,0,0,0,
2025-11-17T02:14:34,Cluster_KMEans,12,0.08364272117614746,83.55,0.0,27.859999999999996,0,6.473017255465189e-07,0.00030746831963459644,CPU,No GPU,0.0,0,0,0,0,
2025-11-17T02:14:44,Cluster_KMEans,13,0.18250370025634766,70.65,0.0,28.279999999999998,0,1.4336679564581975e-06,0.0006809922793176438,CPU,No GPU,0.0,0,0,0,0,
2025-11-17T02:14:45,Cluster_KMEans,14,0.10726571083068848,97.05,0.0,35.0,0,1.0428610775205824e-06,0.0004953590118222766,CPU,No GPU,0.0,0,0,0,0,
2025-11-17T02:14:51,Cluster_KMEans,15,5.6855127811431885,92.55000000000001,0.0,31.744999999999997,0,5.013516756594181e-05,0.023814204593822358,CPU,No GPU,0.0,0,0,0,0,
2025-11-17T02:14:51,Cluster_KMEans,16,0.09936189651489258,99.55,0.0,35.0,0,9.660184383392334e-07,0.00045885875821113583,CPU,No GPU,0.0,0,0,0,0,
2025-11-17T02:14:51,Cluster_KMEans,17,0.13909268379211426,96.6,0.0,35.0,0,1.3522899813122218e-06,0.0006423377411233053,CPU,No GPU,0.0,0,0,0,0,
2025-11-17T02:14:51,Cluster_KMEans,18,0.10537195205688477,88.45,0.0,30.695,0,8.984422412183549e-07,0.00042676006457871855,CPU,No GPU,0.0,0,0,0,0,
2025-11-17T02:14:52,Cluster_KMEans,19,0.0792543888092041,88.5,0.0,31.674999999999997,0,6.973285459809832e-07,0.00033123105934096706,CPU,No GPU,0.0,0,0,0,0,
2025-11-17T02:14:52,Cluster_KMEans,20,0.11899185180664062,90.85,0.0,35.0,0,1.156865225897895e-06,0.0005495109823015001,CPU,No GPU,0.0,0,0,0,0,
2025-11-17T02:14:53,Cluster_KMEans,21,0.32149410247802734,96.05,0.0,35.0,0,3.125637107425266e-06,0.0014846776260270013,CPU,No GPU,0.0,0,0,0,0,
2025-11-17T02:14:54,Cluster_KMEans,22,0.31701183319091797,90.55,0.0,29.504999999999995,0,2.5981761495272316e-06,0.001234133671025435,CPU,No GPU,0.0,0,0,0,0,
2025-11-17T02:14:55,Cluster_KMEans,23,0.10599875450134277,91.19999999999999,0.0,31.884999999999994,0,9.388250797986982e-07,0.00044594191290438164,CPU,No GPU,0.0,0,0,0,0,
2025-11-17T02:14:56,Cluster_KMEans,24,0.20166921615600586,97.0,0.0,32.9,0,1.8430325587590535e-06,0.0008754404654105504,CPU,No GPU,0.0,0,0,0,0,
2025-11-17T02:14:56,Cluster_KMEans,25,0.17904186248779297,95.35,0.0,34.334999999999994,0,1.707611763477325e-06,0.0008111155876517294,CPU,No GPU,0.0,0,0,0,0,
2025-11-17T02:14:58,Cluster_KMEans,26,1.1757328510284424,93.75,0.0,31.465,0,1.0276231710447205e-05,0.004881210062462422,CPU,No GPU,0.0,0,0,0,0,
2025-11-17T02:14:58,Cluster_KMEans,27,0.1961803436279297,98.15,0.0,35.0,0,1.9073088963826497e-06,0.0009059717257817586,CPU,No GPU,0.0,0,0,0,0,
2025-11-17T02:14:59,Cluster_KMEans,28,0.28537702560424805,99.35,0.0,34.545,0,2.738430374860764e-06,0.0013007544280588628,CPU,No GPU,0.0,0,0,0,0,
2025-11-17T02:14:59,Cluster_KMEans,29,0.23639655113220215,99.4,0.0,34.754999999999995,0,2.2822117040554676e-06,0.001084050559426347,CPU,No GPU,0.0,0,0,0,0,
2025-11-17T02:15:00,Cluster_KMEans,30,0.17648768424987793,99.5,0.0,35.0,0,1.7158524857627022e-06,0.0008150299307372835,CPU,No GPU,0.0,0,0,0,0,
2025-11-17T02:15:01,Cluster_KMEans,31,0.17248749732971191,99.8,0.0,35.0,0,1.6769617795944214e-06,0.0007965568453073501,CPU,No GPU,0.0,0,0,0,0,
2025-11-17T02:15:01,Cluster_KMEans,32,0.09753799438476562,96.5,0.0,33.635,0,9.113029003143311e-07,0.0004328688776493072,CPU,No GPU,0.0,0,0,0,0,
2025-11-17T02:20:07,Cluster_KMEans,1,0.14181995391845703,90.1,0.0,32.795,0,1.2919403857654996e-06,0.0006136716832386123,CPU,No GPU,0.0,0,0,0,0,
2025-11-17T02:20:10,Cluster_KMEans,2,3.0111947059631348,92.9,0.0,30.94,0,2.5879545611805387e-05,0.012292784165607558,CPU,No GPU,0.0,0,0,0,0,
2025-11-17T02:20:11,Cluster_KMEans,3,0.11771702766418457,94.65,0.0,32.41,0,1.0597802407211726e-06,0.000503395614342557,CPU,No GPU,0.0,0,0,0,0,
2025-11-17T02:20:11,Cluster_KMEans,4,0.1285395622253418,96.35,0.0,33.949999999999996,0,1.2121994826528759e-06,0.0005757947542601161,CPU,No GPU,0.0,0,0,0,0,
2025-11-17T02:20:11,Cluster_KMEans,5,0.07761907577514648,92.55,0.0,35.0,0,7.546299033694797e-07,0.0003584492041005028,CPU,No GPU,0.0,0,0,0,0,
2025-11-17T02:20:12,Cluster_KMEans,6,0.11710834503173828,94.94999999999999,0.0,33.004999999999995,0,1.0736558132701447e-06,0.0005099865113033187,CPU,No GPU,0.0,0,0,0,0,
2025-11-17T02:20:13,Cluster_KMEans,7,0.20559430122375488,98.65,0.0,34.684999999999995,0,1.9808439827627606e-06,0.0009409008918123111,CPU,No GPU,0.0,0,0,0,0,
2025-11-17T02:20:13,Cluster_KMEans,8,0.09049439430236816,92.44999999999999,0.0,30.205,0,7.592731055286194e-07,0.0003606547251260942,CPU,No GPU,0.0,0,0,0,0,
2025-11-17T02:22:38,Cluster_KMEans,1,0.11975312232971191,93.55000000000001,0.0,33.495,0,1.1142030090093613e-06,0.0005292464292794466,CPU,No GPU,0.0,0,0,0,0,
2025-11-17T02:22:39,Cluster_KMEans,2,0.2759981155395508,93.30000000000001,0.0,34.265,0,2.6269653969340858e-06,0.0012478085635436907,CPU,No GPU,0.0,0,0,0,0,
2025-11-17T02:22:39,Cluster_KMEans,3,0.22950434684753418,98.65,0.0,34.72,0,2.213441922929552e-06,0.0010513849133915371,CPU,No GPU,0.0,0,0,0,0,
2025-11-17T02:22:40,Cluster_KMEans,4,0.08207273483276367,93.45,0.0,31.57,0,7.197322885195414e-07,0.00034187283704678216,CPU,No GPU,0.0,0,0,0,0,
2025-11-17T02:22:41,Cluster_KMEans,5,0.26572513580322266,99.65,0.0,35.0,0,2.5834388203091093e-06,0.0012271334396468268,CPU,No GPU,0.0,0,0,0,0,
2025-11-17T02:22:42,Cluster_KMEans,6,0.09641861915588379,97.5,0.0,33.565,0,8.989697088797887e-07,0.0004270106117178996,CPU,No GPU,0.0,0,0,0,0,
2025-11-17T02:22:43,Cluster_KMEans,7,0.09276342391967773,94.30000000000001,0.0,31.57,0,8.134836925400628e-07,0.0003864047539565298,CPU,No GPU,0.0,0,0,0,0,
2025-11-17T02:22:43,Cluster_KMEans,8,0.05940604209899902,74.9,0.0,24.395,0,4.0255844361252255e-07,0.0001912152607159482,CPU,No GPU,0.0,0,0,0,0,
2025-11-17T02:22:46,Cluster_KMEans,9,2.3935022354125977,75.05,0.0,29.33,0,1.9500394601292078e-05,0.009262687435613738,CPU,No GPU,0.0,0,0,0,0,
2025-11-17T02:22:46,Cluster_KMEans,10,0.08703470230102539,74.6,0.0,30.799999999999997,0,7.446302307976616e-07,0.00035369935962888924,CPU,No GPU,0.0,0,0,0,0,
2025-11-17T02:22:48,Cluster_KMEans,11,0.2004384994506836,99.7,0.0,35.0,0,1.9487076335483125e-06,0.0009256361259354485,CPU,No GPU,0.0,0,0,0,0,
2025-11-17T02:22:48,Cluster_KMEans,12,0.0956881046295166,92.85,0.0,29.994999999999997,0,7.972679717673195e-07,0.0003787022865894767,CPU,No GPU,0.0,0,0,0,0,
2025-11-17T02:22:49,Cluster_KMEans,13,0.10620617866516113,94.5,0.0,33.11,0,9.768018265565235e-07,0.00046398086761434865,CPU,No GPU,0.0,0,0,0,0,
2025-11-17T02:22:51,Cluster_KMEans,14,0.5159168243408203,78.75,0.0,33.215,0,4.7600492556889866e-06,0.002261023396452268,CPU,No GPU,0.0,0,0,0,0,
2025-11-17T02:22:52,Cluster_KMEans,15,0.47547054290771484,98.6,0.0,35.0,0,4.62263027826945e-06,0.002195749382177989,CPU,No GPU,0.0,0,0,0,0,
2025-11-17T02:22:52,Cluster_KMEans,16,0.14557385444641113,98.1,0.0,34.055,0,1.3770882258812587e-06,0.0006541169072935978,CPU,No GPU,0.0,0,0,0,0,
2025-11-17T02:22:52,Cluster_KMEans,17,0.0900568962097168,90.95,0.0,31.499999999999996,0,7.879978418350218e-07,0.00037429897487163536,CPU,No GPU,0.0,0,0,0,0,
2025-11-17T02:22:53,Cluster_KMEans,18,0.07454681396484375,78.65,0.0,29.015,0,6.008266131083171e-07,0.0002853926412264506,CPU,No GPU,0.0,0,0,0,0,
2025-11-17T02:22:53,Cluster_KMEans,19,0.08559012413024902,86.55,0.0,34.16,0,8.121551778581406e-07,0.00038577370948261676,CPU,No GPU,0.0,0,0,0,0,
2025-11-17T02:22:55,Cluster_KMEans,20,0.719897985458374,96.95,0.0,33.775,0,6.754042905237939e-06,0.003208170379988021,CPU,No GPU,0.0,0,0,0,0,
2025-11-17T02:22:56,Cluster_KMEans,21,0.2210979461669922,91.65,0.0,35.0,0,2.1495633655124237e-06,0.0010210425986184014,CPU,No GPU,0.0,0,0,0,0,
2025-11-17T02:22:56,Cluster_KMEans,22,0.19706511497497559,96.75,0.0,32.97,0,1.8047880113124847e-06,0.0008572743053734302,CPU,No GPU,0.0,0,0,0,0,
2025-11-17T02:22:56,Cluster_KMEans,23,0.06391215324401855,75.44999999999999,0.0,27.58,0,4.896381073527866e-07,0.0002325781009925736,CPU,No GPU,0.0,0,0,0,0,
2025-11-17T02:22:57,Cluster_KMEans,24,0.3596060276031494,89.05000000000001,0.0,34.44,0,3.4402309974034628e-06,0.0016341097237666446,CPU,No GPU,0.0,0,0,0,0,
2025-11-17T02:22:57,Cluster_KMEans,25,0.1801447868347168,88.65,0.0,30.099999999999998,0,1.5062105788124932e-06,0.0007154500249359342,CPU,No GPU,0.0,0,0,0,0,
2025-11-17T02:24:29,Cluster_KMEans,1,0.10012030601501465,89.44999999999999,0.0,31.359999999999996,0,8.721591101752386e-07,0.0004142755773332383,CPU,No GPU,0.0,0,0,0,0,
2025-11-17T02:24:32,Cluster_KMEans,2,2.671891689300537,90.75,0.0,29.715,0,2.2054239318768185e-05,0.010475763676414887,CPU,No GPU,0.0,0,0,0,0,
2025-11-17T02:24:35,Cluster_KMEans,3,2.692795991897583,86.5,0.0,29.259999999999994,0,2.188644742303424e-05,0.010396062525941264,CPU,No GPU,0.0,0,0,0,0,
2025-11-17T02:24:35,Cluster_KMEans,4,0.09649538993835449,90.05,0.0,30.799999999999997,0,8.255716694725884e-07,0.00039214654299947943,CPU,No GPU,0.0,0,0,0,0,
2025-11-17T02:24:35,Cluster_KMEans,5,0.10549521446228027,88.30000000000001,0.0,29.47,0,8.635955472787221e-07,0.000410207884957393,CPU,No GPU,0.0,0,0,0,0,
2025-11-17T02:24:36,Cluster_KMEans,6,0.1686093807220459,92.2,0.0,35.0,0,1.6392578681310019e-06,0.0007786474873622258,CPU,No GPU,0.0,0,0,0,0,
2025-11-17T02:24:37,Cluster_KMEans,7,0.13451027870178223,95.35,0.0,31.955,0,1.1939655433098474e-06,0.0005671336330721775,CPU,No GPU,0.0,0,0,0,0,
2025-11-17T02:28:14,Cluster_KMEans,1,0.1616992950439453,88.3,0.0,35.0,0,1.5720764795939129e-06,0.0007467363278071086,CPU,No GPU,0.0,0,0,0,0,
2025-11-17T02:28:14,Cluster_KMEans,2,0.18552398681640625,97.55,0.0,33.949999999999996,0,1.7495942645602753e-06,0.0008310572756661307,CPU,No GPU,0.0,0,0,0,0,
2025-11-17T02:28:15,Cluster_KMEans,3,0.10344457626342773,99.6,0.0,35.0,0,1.0057111581166584e-06,0.0004777128001054128,CPU,No GPU,0.0,0,0,0,0,
2025-11-17T02:28:15,Cluster_KMEans,4,0.24367904663085938,97.8,0.0,35.0,0,2.369101842244466e-06,0.0011253233750661213,CPU,No GPU,0.0,0,0,0,0,
2025-11-17T02:28:29,Cluster_KMEans,5,0.16811156272888184,78.4,0.0,32.059999999999995,0,1.4971268614133196e-06,0.0007111352591713268,CPU,No GPU,0.0,0,0,0,0,
2025-11-17T02:28:30,Cluster_KMEans,6,0.0965890884399414,92.05000000000001,0.0,32.62,0,8.752044624752468e-07,0.0004157221196757422,CPU,No GPU,0.0,0,0,0,0,
2025-11-17T02:28:31,Cluster_KMEans,7,0.0664670467376709,85.4,0.0,30.765,0,5.680163035790125e-07,0.0002698077442000309,CPU,No GPU,0.0,0,0,0,0,
2025-11-17T02:28:32,Cluster_KMEans,8,0.10989975929260254,91.9,0.0,32.269999999999996,0,9.851292312145231e-07,0.0004679363848268985,CPU,No GPU,0.0,0,0,0,0,
2025-11-17T02:28:33,Cluster_KMEans,9,0.11286520957946777,92.7,0.0,31.29,0,9.809867799282073e-07,0.0004659687204658985,CPU,No GPU,0.0,0,0,0,0,
2025-11-17T02:28:33,Cluster_KMEans,10,0.08422327041625977,92.9,0.0,31.499999999999996,0,7.369536161422728e-07,0.00035005296766757953,CPU,No GPU,0.0,0,0,0,0,
2025-11-17T02:28:33,Cluster_KMEans,11,0.08737897872924805,77.9,0.0,25.62,0,6.218470652898154e-07,0.00029537735601266226,CPU,No GPU,0.0,0,0,0,0,
2025-11-17T02:28:34,Cluster_KMEans,12,0.09746813774108887,87.7,0.0,34.3,0,9.286547568109299e-07,0.00044111100948519166,CPU,No GPU,0.0,0,0,0,0,
2025-11-17T02:28:34,Cluster_KMEans,13,0.09974479675292969,95.05,0.0,35.0,0,9.69741079542372e-07,0.00046062701278262665,CPU,No GPU,0.0,0,0,0,0,
2025-11-17T02:28:38,Cluster_KMEans,14,2.898624897003174,87.44999999999999,0.0,31.08,0,2.5024794944127397e-05,0.011886777598460513,CPU,No GPU,0.0,0,0,0,0,
2025-11-17T02:28:39,Cluster_KMEans,15,0.11491012573242188,93.9,0.0,33.18,0,1.0590883255004883e-06,0.0005030669546127319,CPU,No GPU,0.0,0,0,0,0,
2025-11-17T02:28:40,Cluster_KMEans,16,0.47160840034484863,99.95,0.0,35.0,0,4.5850816700193625e-06,0.002177913793259197,CPU,No GPU,0.0,0,0,0,0,
2025-11-17T02:28:41,Cluster_KMEans,17,0.08136987686157227,95.9,0.0,32.129999999999995,0,7.262261509895324e-07,0.00034495742172002783,CPU,No GPU,0.0,0,0,0,0,
2025-11-17T02:28:41,Cluster_KMEans,18,0.29433441162109375,99.7,0.0,34.79,0,2.8444150500827365e-06,0.0013510971487892998,CPU,No GPU,0.0,0,0,0,0,
2025-11-17T02:28:55,Cluster_KMEans,19,0.05956673622131348,66.94999999999999,0.0,22.959999999999997,0,3.7990340656704364e-07,0.00018045411811934574,CPU,No GPU,0.0,0,0,0,0,
2025-11-17T02:28:55,Cluster_KMEans,20,0.08428692817687988,83.65,0.0,30.624999999999996,0,7.170242153935961e-07,0.0003405865023119581,CPU,No GPU,0.0,0,0,0,0,
2025-11-17T02:29:03,Cluster_KMEans,21,5.833194732666016,75.25,0.0,31.674999999999997,0,5.132401198811001e-05,0.024378905694352252,CPU,No GPU,0.0,0,0,0,0,
2025-11-17T02:29:04,Cluster_KMEans,22,0.10364484786987305,91.65,0.0,32.129999999999995,0,9.250302672386167e-07,0.00043938937693834294,CPU,No GPU,0.0,0,0,0,0,
2025-11-17T02:29:04,Cluster_KMEans,23,0.10085701942443848,99.45,0.0,35.0,0,9.805543555153741e-07,0.0004657633188698027,CPU,No GPU,0.0,0,0,0,0,
2025-11-17T02:29:04,Cluster_KMEans,24,0.04588198661804199,83.1,0.0,26.599999999999998,0,3.390169011221991e-07,0.0001610330280330446,CPU,No GPU,0.0,0,0,0,0,
2025-11-17T02:44:12,Cluster_KMEans,1,0.0934596061706543,80.4,0.0,26.984999999999996,0,7.00557631254196e-07,0.0003327648748457431,CPU,No GPU,0,0,0,0,0,
2025-11-17T02:44:12,Cluster_KMEans,2,0.02179861068725586,98.75,0.0,35.0,0,2.1193093723720975e-07,0.00010066719518767463,CPU,No GPU,0,0,0,0,0,
2025-11-17T02:45:20,Cluster_KMEans,3,0.0106964111328125,82.15,0.0,35.0,0,1.0399288601345486e-07,4.939662085639105e-05,CPU,No GPU,0,0,0,0,0,
2025-11-17T02:45:20,Cluster_KMEans,4,0.0291748046875,99.45,0.0,35.0,0,2.8364393446180553e-07,0.00013473086886935763,CPU,No GPU,0,0,0,0,0,
2025-11-17T02:45:28,Cluster_KMEans,5,0.01563286781311035,93.9,0.0,35.0,0,1.5198621484968398e-07,7.219345205359988e-05,CPU,No GPU,0,0,0,0,0,
2025-11-17T02:45:28,Cluster_KMEans,6,0.02126908302307129,97.05,0.0,35.0,0,2.0678275161319307e-07,9.82218070162667e-05,CPU,No GPU,0,0,0,0,0,
2025-11-17T02:45:37,Cluster_KMEans,7,0.0072574615478515625,84.2,0.0,35.0,0,7.055865393744575e-08,3.351536062028673e-05,CPU,No GPU,0,0,0,0,0,
2025-11-17T02:45:37,Cluster_KMEans,8,0.010607481002807617,73.1,0.0,19.46,0,5.7339327865176734e-08,2.7236180735958946e-05,CPU,No GPU,0,0,0,0,0,
2025-11-17T02:45:47,Cluster_KMEans,9,8.563951015472412,75.75,0.0,28.734999999999996,0,6.835698123044437e-05,0.032469566084461075,CPU,No GPU,0,0,0,0,0,
2025-11-17T02:45:47,Cluster_KMEans,10,0.014529228210449219,85.4,0.0,35.0,0,1.412563853793674e-07,6.709678305519951e-05,CPU,No GPU,0,0,0,0,0,
2025-11-17T02:45:48,Cluster_KMEans,11,0.03237748146057129,91.0,0.0,35.0,0,3.1478106975555416e-07,0.00014952100813388824,CPU,No GPU,0,0,0,0,0,
2025-11-17T02:45:48,Cluster_KMEans,12,0.01779317855834961,98.35,0.0,35.0,0,1.7298923598395452e-07,8.216988709237839e-05,CPU,No GPU,0,0,0,0,0,
2025-11-17T02:45:48,Cluster_KMEans,13,0.012724637985229492,98.35,0.0,35.0,0,1.2371175818973116e-07,5.87630851401223e-05,CPU,No GPU,0,0,0,0,0,
2025-11-17T02:45:48,Cluster_KMEans,14,0.021225929260253906,91.2,0.0,28.84,0,1.7004327774047851e-07,8.07705569267273e-05,CPU,No GPU,0,0,0,0,0,
2025-11-17T02:45:58,Cluster_KMEans,15,3.113992691040039,72.80000000000001,0.0,27.965,0,2.4189668223592967e-05,0.011490092406206659,CPU,No GPU,0,0,0,0,0,
2025-11-17T02:46:10,Cluster_KMEans,16,0.008500337600708008,86.8,0.0,35.0,0,8.264217111799451e-08,3.9255031281047396e-05,CPU,No GPU,0,0,0,0,0,
2025-11-17T02:46:10,Cluster_KMEans,17,0.026716232299804688,94.75,0.0,32.83,0,2.4363719622294105e-07,0.000115727668205897,CPU,No GPU,0,0,0,0,0,
2025-11-17T02:46:10,Cluster_KMEans,18,0.010111808776855469,83.1,0.0,27.229999999999997,0,7.648459805382621e-08,3.633018407556745e-05,CPU,No GPU,0,0,0,0,0,
2025-11-17T02:46:10,Cluster_KMEans,19,0.005149126052856445,92.8,0.0,30.624999999999996,0,4.3803329269091284e-08,2.080658140281836e-05,CPU,No GPU,0,0,0,0,0,
2025-11-17T02:57:04,Cluster_KMEans,1,9.288683652877808,85.95,0.0,30.099999999999998,0,7.766371609767278e-05,0.03689026514639457,CPU,No GPU,0,0,0,0,0,
2025-11-17T02:57:04,Cluster_KMEans,2,0.03326916694641113,93.75,0.0,35.0,0,3.234502342012193e-07,0.00015363886124557916,CPU,No GPU,0,0,0,0,0,
2025-11-17T02:57:08,Cluster_KMEans,3,3.850358724594116,87.85,0.0,27.895,0,2.9834932395153574e-05,0.014171592887697947,CPU,No GPU,0,0,0,0,0,
2025-11-17T02:57:17,Cluster_KMEans,4,0.011605024337768555,84.15,0.0,35.0,0,1.1282662550608318e-07,5.3592647115389504e-05,CPU,No GPU,0,0,0,0,0,
2025-11-17T02:57:17,Cluster_KMEans,5,0.02048468589782715,87.8,0.0,26.775,0,1.523548513650894e-07,7.236855439841747e-05,CPU,No GPU,0,0,0,0,0,
2025-11-17T02:57:17,Cluster_KMEans,6,0.012346506118774414,97.25,0.0,35.0,0,1.2003547615475126e-07,5.7016851173506844e-05,CPU,No GPU,0,0,0,0,0,
2025-11-17T02:57:17,Cluster_KMEans,7,0.00843667984008789,93.6,0.0,35.0,0,8.202327622307672e-08,3.8961056205961436e-05,CPU,No GPU,0,0,0,0,0,
2025-11-17T02:57:17,Cluster_KMEans,8,0.026824474334716797,91.0,0.0,32.83,0,2.446243034468757e-07,0.00011619654413726594,CPU,No GPU,0,0,0,0,0,
2025-11-17T03:00:48,Cluster_KMEans,1,0.005866527557373047,76.95,0.0,26.25,0,4.2776763439178464e-08,2.0318962633609768e-05,CPU,No GPU,0,0,0,0,0,
2025-11-17T03:00:48,Cluster_KMEans,2,0.02192544937133789,84.35,0.0,28.419999999999998,0,1.7308924198150636e-07,8.221738994121552e-05,CPU,No GPU,0,0,0,0,0,
2025-11-17T03:00:51,Cluster_KMEans,3,0.02234673500061035,86.8,0.0,35.0,0,2.1725992361704507e-07,0.0001031984637180964,CPU,No GPU,0,0,0,0,0,
2025-11-17T03:00:51,Cluster_KMEans,4,0.024732112884521484,97.05,0.0,32.934999999999995,0,2.262644827365875e-07,0.00010747562929987905,CPU,No GPU,0,0,0,0,0,
2025-11-17T03:01:20,Cluster_KMEans,5,6.62475848197937,86.75,0.0,34.125,0,6.279718977709611e-05,0.029828665144120654,CPU,No GPU,0,0,0,0,0,
2025-11-17T03:01:21,Cluster_KMEans,6,0.00808858871459961,47.05,0.0,2.8,0,6.2911245557996965e-09,2.9882841640048556e-06,CPU,No GPU,0,0,0,0,0,
2025-11-17T03:01:21,Cluster_KMEans,7,0.036144256591796875,94.5,0.0,32.83,0,3.2961553997463653e-07,0.00015656738148795235,CPU,No GPU,0,0,0,0,0,
2025-11-17T03:01:24,Cluster_KMEans,8,0.011219501495361328,96.85,0.0,35.0,0,1.0907848676045736e-07,5.181228121121724e-05,CPU,No GPU,0,0,0,0,0,
2025-11-17T03:01:24,Cluster_KMEans,9,0.03902387619018555,99.0,0.0,35.0,0,3.793987962934706e-07,0.00018021442823939852,CPU,No GPU,0,0,0,0,0,
2025-11-17T03:01:28,Cluster_KMEans,10,0.006516456604003906,79.45,0.0,30.624999999999996,0,5.5435134304894336e-08,2.633168879482481e-05,CPU,No GPU,0,0,0,0,0,
2025-11-17T03:01:28,Cluster_KMEans,11,0.008989095687866211,50.0,0.0,2.8,0,6.991518868340386e-09,3.3209714624616834e-06,CPU,No GPU,0,0,0,0,0,
2025-11-17T03:01:37,Cluster_KMEans,12,7.034301519393921,72.2,0.0,27.72,0,5.4164121699333186e-05,0.02572795780718326,CPU,No GPU,0,0,0,0,0,
2025-11-17T03:01:37,Cluster_KMEans,13,0.01424717903137207,81.25,0.0,35.0,0,1.3851424058278401e-07,6.57942642768224e-05,CPU,No GPU,0,0,0,0,0,
2025-11-17T03:01:37,Cluster_KMEans,14,0.023187637329101562,90.25,0.0,35.0,0,2.2543536292182074e-07,0.00010708179738786484,CPU,No GPU,0,0,0,0,0,
2025-11-17T03:01:37,Cluster_KMEans,15,0.013216257095336914,93.3,0.0,35.0,0,1.2849138842688665e-07,6.103340950277116e-05,CPU,No GPU,0,0,0,0,0,
2025-11-17T03:01:37,Cluster_KMEans,16,0.00560450553894043,40.7,0.0,2.8,0,4.359059863620334e-09,2.0705534352196584e-06,CPU,No GPU,0,0,0,0,0,
2025-11-17T03:01:39,Cluster_KMEans,17,0.0060503482818603516,37.35,0.0,2.8,0,4.70582644144694e-09,2.2352675596872963e-06,CPU,No GPU,0,0,0,0,0,
2025-11-17T03:01:39,Cluster_KMEans,18,0.01553964614868164,85.69999999999999,0.0,32.654999999999994,0,1.4095754027366638e-07,6.695483162999152e-05,CPU,No GPU,0,0,0,0,0,
2025-11-17T03:06:58,Cluster_KMEans,1,0.012098550796508789,89.6,0.0,35.0,0,1.1762479941050212e-07,5.587177971998851e-05,CPU,No GPU,0,0,0,0,0,
2025-11-17T03:06:58,Cluster_KMEans,2,0.02838587760925293,93.9,0.0,35.0,0,2.759738100899591e-07,0.00013108755979273056,CPU,No GPU,0,0,0,0,0,
2025-11-17T03:08:23,Cluster_KMEans,1,0.03523659706115723,83.85,0.0,35.0,0,3.4257802698347304e-07,0.00016272456281714968,CPU,No GPU,0,0,0,0,0,
2025-11-17T03:08:23,Cluster_KMEans,2,0.02135324478149414,82.8,0.0,24.08,0,1.428294817606608e-07,6.784400383631387e-05,CPU,No GPU,0,0,0,0,0,
2025-11-17T03:10:57,Cluster_KMEans,1,0.029799938201904297,91.25,0.0,35.0,0,2.8972162140740287e-07,0.00013761777016851634,CPU,No GPU,0,0,0,0,0,
2025-11-17T03:10:57,Cluster_KMEans,2,0.044547080993652344,99.25,0.0,35.0,0,4.3309662077162e-07,0.0002057208948665195,CPU,No GPU,0,0,0,0,0,
2025-11-17T11:30:39,Cluster_KMEans,1,0.0015711784362792969,11.85,0.0,2.0,0.0,8.728769090440538e-10,4.146165317959255e-07,CPU,CPU Only,0.0,0.0,0.0,0.0,0.0,
2025-11-17T11:32:14,Cluster_KMEans,2,0.025628328323364258,59.55,0.0,35.0,0.0,2.491643031438192e-07,0.00011835304399331412,CPU,CPU Only,0.0,0.0,0.0,0.0,0.0,
2025-11-17T11:32:15,Cluster_KMEans,3,0.019327878952026367,52.1,0.0,17.5,0.0,9.395496712790594e-08,4.4628609385755324e-05,CPU,CPU Only,0.0,0.0,0.0,0.0,0.0,
2025-11-17T11:32:22,Cluster_KMEans,4,5.4929938316345215,39.3,0.0,11.27,0.0,1.719612235625585e-05,0.008168158119221528,CPU,CPU Only,0.0,0.0,0.0,0.0,0.0,
2025-11-17T11:32:22,Cluster_KMEans,5,0.013193130493164062,61.2,0.0,35.0,0.0,1.2826654646131726e-07,6.09266095691257e-05,CPU,CPU Only,0.0,0.0,0.0,0.0,0.0,
2025-11-17T11:32:23,Cluster_KMEans,6,0.02638840675354004,48.35,0.0,16.485,0.0,1.208369125922521e-07,5.739753348131974e-05,CPU,CPU Only,0.0,0.0,0.0,0.0,0.0,
2025-11-17T11:32:24,Cluster_KMEans,7,0.014271974563598633,68.7,0.0,35.0,0.0,1.3875530825720895e-07,6.590877142217425e-05,CPU,CPU Only,0.0,0.0,0.0,0.0,0.0,
2025-11-17T11:32:25,Cluster_KMEans,8,0.02794647216796875,42.15,0.0,19.075,0.0,1.4807748794555665e-07,7.03368067741394e-05,CPU,CPU Only,0.0,0.0,0.0,0.0,0.0,
2025-11-17T11:32:32,Cluster_KMEans,9,0.01394343376159668,65.8,0.0,35.0,0.0,1.355611615710788e-07,6.439155174626243e-05,CPU,CPU Only,0.0,0.0,0.0,0.0,0.0,
2025-11-17T11:32:33,Cluster_KMEans,10,0.013137340545654297,39.7,0.0,8.75,0.0,3.19310360484653e-08,1.5167242123021018e-05,CPU,CPU Only,0.0,0.0,0.0,0.0,0.0,
2025-11-17T11:32:45,Cluster_KMEans,11,0.012336254119873047,11.4,0.0,2.0,0.0,6.8534745110405816e-09,3.255400392744276e-06,CPU,CPU Only,0.0,0.0,0.0,0.0,0.0,
2025-11-17T11:32:46,Cluster_KMEans,12,0.03396153450012207,50.5,0.0,20.58,0.0,1.941467722256978e-07,9.221971680720645e-05,CPU,CPU Only,0.0,0.0,0.0,0.0,0.0,
2025-11-17T11:33:08,Cluster_KMEans,13,0.009596109390258789,28.65,0.0,13.125,0.0,3.49858154853185e-08,1.661826235552629e-05,CPU,CPU Only,0.0,0.0,0.0,0.0,0.0,
2025-11-17T11:33:08,Cluster_KMEans,14,0.014043331146240234,27.85,0.0,2.0,0.0,7.80185063680013e-09,3.705879052480062e-06,CPU,CPU Only,0.0,0.0,0.0,0.0,0.0,
2025-11-17T11:33:12,Cluster_KMEans,15,1.959263563156128,33.75,0.0,12.25,0.0,6.6669385135173795e-06,0.003166795793920755,CPU,CPU Only,0.0,0.0,0.0,0.0,0.0,
2025-11-17T11:33:13,Cluster_KMEans,16,0.015086650848388672,64.95,0.0,35.0,0.0,1.4667577213711208e-07,6.967099176512824e-05,CPU,CPU Only,0.0,0.0,0.0,0.0,0.0,
2025-11-17T11:33:14,Cluster_KMEans,17,0.04006457328796387,49.1,0.0,14.595,0.0,1.6242845753828684e-07,7.715351733068625e-05,CPU,CPU Only,0.0,0.0,0.0,0.0,0.0,
2025-11-17T11:33:14,Cluster_KMEans,18,0.014542579650878906,49.75,0.0,21.875,0.0,8.836636940638223e-08,4.197402546803156e-05,CPU,CPU Only,0.0,0.0,0.0,0.0,0.0,
2025-11-17T11:33:15,Cluster_KMEans,19,0.048827409744262695,56.45,0.0,23.799999999999997,0.0,3.2280343108706997e-07,0.00015333162976635824,CPU,CPU Only,0.0,0.0,0.0,0.0,0.0,
2025-11-17T11:33:19,Cluster_KMEans,20,0.014122486114501953,42.25,0.0,21.875,0.0,8.581371770964728e-08,4.076151591208246e-05,CPU,CPU Only,0.0,0.0,0.0,0.0,0.0,
2025-11-17T11:33:20,Cluster_KMEans,21,0.01280975341796875,30.95,0.0,2.0,0.0,7.116529676649306e-09,3.3803515964084203e-06,CPU,CPU Only,0.0,0.0,0.0,0.0,0.0,
2025-11-17T11:33:20,Cluster_KMEans,22,0.01033473014831543,25.4,0.0,2.0,0.0,5.741516749064128e-09,2.7272204558054607e-06,CPU,CPU Only,0.0,0.0,0.0,0.0,0.0,
2025-11-17T11:33:21,Cluster_KMEans,23,0.1806962490081787,52.7,0.0,24.044999999999998,0.0,1.206900363167127e-06,0.0005732776725043853,CPU,CPU Only,0.0,0.0,0.0,0.0,0.0,
2025-11-17T11:33:21,Cluster_KMEans,24,0.005825996398925781,32.7,0.0,2.0,0.0,3.236664666069878e-09,1.5374157163831921e-06,CPU,CPU Only,0.0,0.0,0.0,0.0,0.0,
2025-11-17T11:33:22,Cluster_KMEans,25,0.005625247955322266,40.6,0.0,2.0,0.0,3.1251377529568145e-09,1.4844404326544867e-06,CPU,CPU Only,0.0,0.0,0.0,0.0,0.0,
2025-11-17T11:33:22,Cluster_KMEans,26,0.017338037490844727,80.75,0.0,35.0,0.0,1.6856425338321263e-07,8.006802035702598e-05,CPU,CPU Only,0.0,0.0,0.0,0.0,0.0,
2025-11-17T11:33:23,Cluster_KMEans,27,0.032938480377197266,21.9,0.0,3.5,0.0,3.202352258894178e-08,1.5211173229747345e-05,CPU,CPU Only,0.0,0.0,0.0,0.0,0.0,
2025-11-17T11:33:24,Cluster_KMEans,28,0.023954391479492188,29.35,0.0,12.739999999999998,0.0,8.477192984686957e-08,4.026666667726304e-05,CPU,CPU Only,0.0,0.0,0.0,0.0,0.0,
2025-11-17T11:33:24,Cluster_KMEans,29,0.012172222137451172,44.2,0.0,21.875,0.0,7.396315534909566e-08,3.5132498790820436e-05,CPU,CPU Only,0.0,0.0,0.0,0.0,0.0,
2025-11-17T11:33:25,Cluster_KMEans,30,0.08481812477111816,31.6,0.0,7.874999999999999,0.0,1.8553964793682095e-07,8.813133276998995e-05,CPU,CPU Only,0.0,0.0,0.0,0.0,0.0,
2025-11-17T11:33:26,Cluster_KMEans,31,0.015628814697265625,53.599999999999994,0.0,27.229999999999997,0.0,1.1821461783515081e-07,5.6151943471696634e-05,CPU,CPU Only,0.0,0.0,0.0,0.0,0.0,
2025-11-17T11:33:26,Cluster_KMEans,32,0.01067972183227539,10.65,0.0,2.0,0.0,5.933178795708551e-09,2.8182599279615613e-06,CPU,CPU Only,0.0,0.0,0.0,0.0,0.0,
2025-11-17T11:33:27,Cluster_KMEans,33,0.010049104690551758,13.35,0.0,2.0,0.0,5.582835939195421e-09,2.6518470711178248e-06,CPU,CPU Only,0.0,0.0,0.0,0.0,0.0,
2025-11-17T11:33:28,Cluster_KMEans,34,0.03818082809448242,31.549999999999997,0.0,12.879999999999999,0.0,1.3660251829359265e-07,6.488619618945651e-05,CPU,CPU Only,0.0,0.0,0.0,0.0,0.0,
2025-11-17T11:33:29,Cluster_KMEans,35,0.26515960693359375,29.35,0.0,11.339999999999998,0.0,8.352527618408202e-07,0.0003967450618743896,CPU,CPU Only,0.0,0.0,0.0,0.0,0.0,
2025-11-17T11:33:29,Cluster_KMEans,36,0.01020503044128418,74.65,0.0,35.0,0.0,9.92155737347073e-08,4.712739752398597e-05,CPU,CPU Only,0.0,0.0,0.0,0.0,0.0,
2025-11-17T11:33:30,Cluster_KMEans,37,0.0346221923828125,53.95,0.0,19.669999999999998,0.0,1.8917181226942276e-07,8.985661082797581e-05,CPU,CPU Only,0.0,0.0,0.0,0.0,0.0,
2025-11-17T11:33:41,Cluster_KMEans,38,5.505462408065796,29.35,0.0,10.535,0.0,1.611112401915921e-05,0.0076527839091006244,CPU,CPU Only,0.0,0.0,0.0,0.0,0.0,
2025-11-17T11:33:42,Cluster_KMEans,39,0.020077228546142578,72.6,0.0,35.0,0.0,1.9519527753194171e-07,9.271775682767231e-05,CPU,CPU Only,0.0,0.0,0.0,0.0,0.0,
2025-11-17T11:33:43,Cluster_KMEans,40,0.015237092971801758,78.9,0.0,35.0,0.0,1.481384038925171e-07,7.036574184894563e-05,CPU,CPU Only,0.0,0.0,0.0,0.0,0.0,
2025-11-17T11:33:43,Cluster_KMEans,41,0.03185391426086426,51.05,0.0,22.645,0.0,2.0036996901035308e-07,9.51757352799177e-05,CPU,CPU Only,0.0,0.0,0.0,0.0,0.0,
2025-11-17T11:33:44,Cluster_KMEans,42,0.016230344772338867,77.45,0.0,35.0,0.0,1.577950186199612e-07,7.495263384448156e-05,CPU,CPU Only,0.0,0.0,0.0,0.0,0.0,
2025-11-17T11:33:45,Cluster_KMEans,43,0.0,14.45,0.0,2.0,0.0,0.0,0.0,CPU,CPU Only,0.0,0.0,0.0,0.0,0.0,
2025-11-17T11:33:45,Cluster_KMEans,44,0.016870498657226562,56.55,0.0,21.875,0.0,1.025117105907864e-07,4.869306253062354e-05,CPU,CPU Only,0.0,0.0,0.0,0.0,0.0,
2025-11-17T11:33:50,Cluster_KMEans,45,0.013670206069946289,56.05,0.0,35.0,0.0,1.3290478123558894e-07,6.312977108690473e-05,CPU,CPU Only,0.0,0.0,0.0,0.0,0.0,
2025-11-17T11:33:51,Cluster_KMEans,46,0.01813340187072754,78.9,0.0,35.0,0.0,1.762969626320733e-07,8.374105725023481e-05,CPU,CPU Only,0.0,0.0,0.0,0.0,0.0,
2025-11-17T12:54:06,Cluster_KMEans,1,0.02309894561767578,11.45,0.0,2.0,0.0,1.2832747565375434e-08,6.095555093553331e-06,CPU,CPU Only (NVML error),0.0,0.0,0.0,0.0,0.0,
2025-11-17T12:54:07,Cluster_KMEans,2,0.003966808319091797,22.95,0.0,2.0,0.0,2.203782399495443e-09,1.0467966397603354e-06,CPU,CPU Only (NVML error),0.0,0.0,0.0,0.0,0.0,
2025-11-17T12:54:07,Cluster_KMEans,3,0.007409095764160156,45.1,0.0,21.875,0.0,4.50205471780565e-08,2.1384759909576837e-05,CPU,CPU Only (NVML error),0.0,0.0,0.0,0.0,0.0,
2025-11-17T12:54:42,Cluster_KMEans,4,0.005169868469238281,9.15,0.0,2.0,0.0,2.872149149576823e-09,1.3642708460489908e-06,CPU,CPU Only (NVML error),0.0,0.0,0.0,0.0,0.0,
2025-11-17T12:54:43,Cluster_KMEans,5,0.0032613277435302734,56.45,0.0,30.624999999999996,0.0,2.774393392933739e-08,1.3178368616435261e-05,CPU,CPU Only (NVML error),0.0,0.0,0.0,0.0,0.0,
2025-11-17T12:54:43,Cluster_KMEans,6,0.006992340087890625,7.1,0.0,2.0,0.0,3.884633382161458e-09,1.8452008565266926e-06,CPU,CPU Only (NVML error),0.0,0.0,0.0,0.0,0.0,
2025-11-17T12:56:19,Cluster_KMEans,1,1.0684564113616943,28.95,0.0,12.075,0.0,3.583780879775683e-06,0.0017022959178934493,CPU,CPU Only (NVML error),0.0,0.0,0.0,0.0,0.0,
2025-11-17T12:57:28,Cluster_KMEans,2,9.533667087554932,19.2,0.0,8.014999999999999,0.0,2.1225650474097994e-05,0.010082183975196547,CPU,CPU Only (NVML error),0.0,0.0,0.0,0.0,0.0,
2025-11-17T12:59:16,Cluster_KMEans,3,0.45928359031677246,29.75,0.0,16.835,0.0,2.1477886786063513e-06,0.0010201996223380167,CPU,CPU Only (NVML error),0.0,0.0,0.0,0.0,0.0,
2025-11-17T12:59:21,Cluster_KMEans,4,0.007536649703979492,10.25,0.0,2.0,0.0,4.18702761332194e-09,1.9888381163279217e-06,CPU,CPU Only (NVML error),0.0,0.0,0.0,0.0,0.0,
2025-11-17T12:59:21,Cluster_KMEans,5,0.0063304901123046875,19.85,0.0,2.0,0.0,3.516938951280382e-09,1.6705460018581814e-06,CPU,CPU Only (NVML error),0.0,0.0,0.0,0.0,0.0,
2025-11-17T12:59:22,Cluster_KMEans,6,0.040517568588256836,67.1,0.0,32.095,0.0,3.612253788444731e-07,0.0001715820549511247,CPU,CPU Only (NVML error),0.0,0.0,0.0,0.0,0.0,
2025-11-17T13:00:39,Cluster_KMEans,7,0.004094123840332031,7.25,0.0,2.0,0.0,2.2745132446289062e-09,1.0803937911987303e-06,CPU,CPU Only (NVML error),0.0,0.0,0.0,0.0,0.0,
2025-11-17T13:00:51,Cluster_KMEans,1,3.9163827896118164,37.1,0.0,14.035,0.0,1.5268453458944958e-05,0.007252515392998855,CPU,CPU Only (NVML error),0.0,0.0,0.0,0.0,0.0,
2025-11-17T13:00:51,Cluster_KMEans,2,0.03436708450317383,51.45,0.0,25.27,0.0,2.412378403875563e-07,0.00011458797418408922,CPU,CPU Only (NVML error),0.0,0.0,0.0,0.0,0.0,
2025-11-17T13:00:52,Cluster_KMEans,3,0.0061054229736328125,13.95,0.0,2.0,0.0,3.3919016520182292e-09,1.6111532847086588e-06,CPU,CPU Only (NVML error),0.0,0.0,0.0,0.0,0.0,
2025-11-17T13:00:54,Cluster_KMEans,4,1.0179193019866943,42.55,0.0,14.945,0.0,4.225778880053097e-06,0.002007244968025221,CPU,CPU Only (NVML error),0.0,0.0,0.0,0.0,0.0,
2025-11-17T13:00:54,Cluster_KMEans,5,0.010436773300170898,25.3,0.0,10.01,0.0,2.902002798186408e-08,1.3784513291385436e-05,CPU,CPU Only (NVML error),0.0,0.0,0.0,0.0,0.0,
2025-11-17T13:01:01,Cluster_KMEans,6,0.0359034538269043,35.85,0.0,17.5,0.0,1.7453067832522922e-07,8.290207220448387e-05,CPU,CPU Only (NVML error),0.0,0.0,0.0,0.0,0.0,
2025-11-17T13:01:30,Cluster_KMEans,7,0.006848573684692383,32.0,0.0,17.5,0.0,3.329167763392131e-08,1.581354687611262e-05,CPU,CPU Only (NVML error),0.0,0.0,0.0,0.0,0.0,
2025-11-17T13:01:31,Cluster_KMEans,8,0.045783281326293945,67.8,0.0,35.0,0.0,4.4511523511674664e-07,0.00021142973668045466,CPU,CPU Only (NVML error),0.0,0.0,0.0,0.0,0.0,
2025-11-17T13:01:31,Cluster_KMEans,9,0.006011247634887695,63.0,0.0,30.624999999999996,0.0,5.113734967178767e-08,2.4290241094099145e-05,CPU,CPU Only (NVML error),0.0,0.0,0.0,0.0,0.0,
2025-11-17T13:01:32,Cluster_KMEans,10,0.3924520015716553,27.65,0.0,13.229999999999999,0.0,1.442261105775833e-06,0.0006850740252435206,CPU,CPU Only (NVML error),0.0,0.0,0.0,0.0,0.0,
2025-11-17T13:01:45,Cluster_KMEans,11,0.2514958381652832,29.0,0.0,11.479999999999999,0.0,8.019922839270698e-07,0.0003809463348653581,CPU,CPU Only (NVML error),0.0,0.0,0.0,0.0,0.0,
2025-11-17T13:01:51,Cluster_KMEans,12,0.005683183670043945,49.25,0.0,29.154999999999998,0.0,4.6025894416703117e-08,2.186229984793398e-05,CPU,CPU Only (NVML error),0.0,0.0,0.0,0.0,0.0,
2025-11-17T13:01:51,Cluster_KMEans,13,0.008388757705688477,59.9,0.0,35.0,0.0,8.15573665830824e-08,3.873974912696414e-05,CPU,CPU Only (NVML error),0.0,0.0,0.0,0.0,0.0,
2025-11-17T13:02:05,Cluster_KMEans,14,0.008385896682739258,36.35,0.0,21.0,0.0,4.891773064931234e-08,2.323592205842336e-05,CPU,CPU Only (NVML error),0.0,0.0,0.0,0.0,0.0,
2025-11-17T13:02:06,Cluster_KMEans,15,0.025266170501708984,19.65,0.0,4.375,0.0,3.0705415540271336e-08,1.4585072381628882e-05,CPU,CPU Only (NVML error),0.0,0.0,0.0,0.0,0.0,
2025-11-17T13:03:35,Cluster_KMEans,16,0.035364389419555664,25.25,0.0,14.42,0.0,1.4165402650833128e-07,6.728566259145736e-05,CPU,CPU Only (NVML error),0.0,0.0,0.0,0.0,0.0,
2025-11-17T13:03:41,Cluster_KMEans,17,0.03874945640563965,37.0,0.0,19.669999999999998,0.0,2.1172272430525882e-07,0.00010056829404499794,CPU,CPU Only (NVML error),0.0,0.0,0.0,0.0,0.0,
2025-11-17T13:04:38,Cluster_KMEans,18,0.0033164024353027344,55.95,0.0,35.0,0.0,3.224280145433214e-08,1.5315330690807767e-05,CPU,CPU Only (NVML error),0.0,0.0,0.0,0.0,0.0,
2025-11-17T13:04:39,Cluster_KMEans,19,0.0038924217224121094,49.55,0.0,19.985,0.0,2.1608346700668336e-08,1.0263964682817459e-05,CPU,CPU Only (NVML error),0.0,0.0,0.0,0.0,0.0,
2025-11-17T13:04:39,Cluster_KMEans,20,0.00979471206665039,30.25,0.0,2.0,0.0,5.441506703694662e-09,2.5847156842549643e-06,CPU,CPU Only (NVML error),0.0,0.0,0.0,0.0,0.0,
2025-11-17T13:04:44,Cluster_KMEans,21,0.0035245418548583984,34.4,0.0,17.5,0.0,1.7133189572228324e-08,8.138265046808454e-06,CPU,CPU Only (NVML error),0.0,0.0,0.0,0.0,0.0,
2025-11-17T13:05:04,Cluster_KMEans,22,0.031171083450317383,38.85,0.0,18.27,0.0,1.5819324851036072e-07,7.514179304242134e-05,CPU,CPU Only (NVML error),0.0,0.0,0.0,0.0,0.0,
2025-11-17T13:06:11,Cluster_KMEans,23,0.011846780776977539,17.0,0.0,2.0,0.0,6.581544876098633e-09,3.1262338161468506e-06,CPU,CPU Only (NVML error),0.0,0.0,0.0,0.0,0.0,
2025-11-17T13:06:38,Cluster_KMEans,1,3.073240280151367,23.0,0.0,8.469999999999999,0.0,7.230651436911688e-06,0.0034345594325330517,CPU,CPU Only (NVML error),0.0,0.0,0.0,0.0,0.0,
2025-11-17T13:07:20,Cluster_KMEans,1,3.1313066482543945,27.200000000000003,0.0,9.555,0.0,8.31100972890854e-06,0.003947729621231555,CPU,CPU Only (NVML error),0.0,0.0,0.0,0.0,0.0,
2025-11-17T13:07:25,Cluster_KMEans,2,0.03536486625671387,28.849999999999998,0.0,16.029999999999998,0.0,1.5747189058197868e-07,7.479914802643986e-05,CPU,CPU Only (NVML error),0.0,0.0,0.0,0.0,0.0,
2025-11-17T13:07:31,Cluster_KMEans,3,0.022345304489135742,20.7,0.0,8.75,0.0,5.431150396664937e-08,2.579796438415845e-05,CPU,CPU Only (NVML error),0.0,0.0,0.0,0.0,0.0,
2025-11-17T13:10:40,Cluster_KMEans,1,3.1540510654449463,27.35,0.0,10.464999999999998,0.0,9.168651222189265e-06,0.0043551093305399,CPU,CPU Only (NVML error),0.0,0.0,0.0,0.0,0.0,
2025-11-17T13:10:47,Cluster_KMEans,2,0.0036306381225585938,37.1,0.0,21.875,0.0,2.2061169147491457e-08,1.0479055345058442e-05,CPU,CPU Only (NVML error),0.0,0.0,0.0,0.0,0.0,
2025-11-17T13:10:48,Cluster_KMEans,3,0.0074689388275146484,38.099999999999994,0.0,15.014999999999999,0.0,3.115169902642568e-08,1.4797057037552196e-05,CPU,CPU Only (NVML error),0.0,0.0,0.0,0.0,0.0,
2025-11-17T13:10:50,Cluster_KMEans,4,0.5832829475402832,20.15,0.0,9.625,0.0,1.5594717694653405e-06,0.0007407490904960366,CPU,CPU Only (NVML error),0.0,0.0,0.0,0.0,0.0,
2025-11-17T13:10:50,Cluster_KMEans,5,0.003959178924560547,43.0,0.0,27.229999999999997,0.0,2.994678947660658e-08,1.4224725001388124e-05,CPU,CPU Only (NVML error),0.0,0.0,0.0,0.0,0.0,
2025-11-17T13:10:51,Cluster_KMEans,6,0.006958961486816406,8.0,0.0,2.0,0.0,3.8660897148980036e-09,1.8363926145765518e-06,CPU,CPU Only (NVML error),0.0,0.0,0.0,0.0,0.0,
2025-11-17T13:10:51,Cluster_KMEans,7,0.0032732486724853516,48.85,0.0,26.25,0.0,2.3867438236872355e-08,1.1337033162514369e-05,CPU,CPU Only (NVML error),0.0,0.0,0.0,0.0,0.0,
2025-11-17T13:10:51,Cluster_KMEans,8,0.0068416595458984375,33.7,0.0,17.5,0.0,3.3258067237006294e-08,1.579758193757799e-05,CPU,CPU Only (NVML error),0.0,0.0,0.0,0.0,0.0,
2025-11-17T13:20:36,Cluster_KMEans,1,3.162844657897949,26.950000000000003,0.0,9.73,0.0,8.548466255929734e-06,0.004060521471566624,CPU,CPU Only (NVML error),0.0,0.0,0.0,0.0,0.0,
2025-11-17T13:20:37,Cluster_KMEans,2,0.035222530364990234,50.65,0.0,30.624999999999996,0.0,2.9963610900772936e-07,0.00014232715177867145,CPU,CPU Only (NVML error),0.0,0.0,0.0,0.0,0.0,
2025-11-17T13:20:38,Cluster_KMEans,3,0.03304910659790039,62.35,0.0,35.0,0.0,3.213107585906983e-07,0.0001526226103305817,CPU,CPU Only (NVML error),0.0,0.0,0.0,0.0,0.0,
2025-11-17T13:20:38,Cluster_KMEans,4,0.029122352600097656,34.5,0.0,17.5,0.0,1.4156699180603026e-07,6.724432110786437e-05,CPU,CPU Only (NVML error),0.0,0.0,0.0,0.0,0.0,
2025-11-17T13:20:39,Cluster_KMEans,5,0.0042421817779541016,46.150000000000006,0.0,24.990000000000002,0.0,2.9447811841964722e-08,1.3987710624933242e-05,CPU,CPU Only (NVML error),0.0,0.0,0.0,0.0,0.0,
2025-11-17T13:20:40,Cluster_KMEans,6,0.9969711303710938,41.25,0.0,15.82,0.0,4.381134245130751e-06,0.002081038766437107,CPU,CPU Only (NVML error),0.0,0.0,0.0,0.0,0.0,
2025-11-17T13:20:54,Cluster_KMEans,7,0.024796485900878906,28.599999999999998,0.0,15.329999999999998,0.0,1.0559170246124267e-07,5.015605866909027e-05,CPU,CPU Only (NVML error),0.0,0.0,0.0,0.0,0.0,
2025-11-17T13:23:47,Cluster_KMEans,8,0.0032050609588623047,5.35,0.0,2.0,0.0,1.7805894215901694e-09,8.457799752553304e-07,CPU,CPU Only (NVML error),0.0,0.0,0.0,0.0,0.0,
2025-11-17T13:23:56,Cluster_KMEans,1,2.945451021194458,23.15,0.0,8.54,0.0,6.98726436694463e-06,0.003318950574298699,CPU,CPU Only (NVML error),0.0,0.0,0.0,0.0,0.0,
2025-11-17T13:23:56,Cluster_KMEans,2,0.030263662338256836,45.050000000000004,0.0,28.84,0.0,2.424455616209242e-07,0.000115161641769939,CPU,CPU Only (NVML error),0.0,0.0,0.0,0.0,0.0,
2025-11-17T13:23:57,Cluster_KMEans,3,0.03882598876953125,40.4,0.0,24.08,0.0,2.597027248806423e-07,0.0001233587943183051,CPU,CPU Only (NVML error),0.0,0.0,0.0,0.0,0.0,
2025-11-17T13:23:57,Cluster_KMEans,4,0.025873661041259766,59.05,0.0,21.875,0.0,1.5721842646598817e-07,7.467875257134437e-05,CPU,CPU Only (NVML error),0.0,0.0,0.0,0.0,0.0,
2025-11-17T13:23:58,Cluster_KMEans,5,0.004290103912353516,11.5,0.0,2.0,0.0,2.3833910624186196e-09,1.1321107546488444e-06,CPU,CPU Only (NVML error),0.0,0.0,0.0,0.0,0.0,
2025-11-17T13:23:59,Cluster_KMEans,6,0.8303635120391846,22.45,0.0,10.85,0.0,2.502623362673653e-06,0.0011887460972699851,CPU,CPU Only (NVML error),0.0,0.0,0.0,0.0,0.0,
2025-11-17T13:24:32,Cluster_KMEans,1,3.0199646949768066,27.45,0.0,9.52,0.0,7.986128860049776e-06,0.0037934112085236437,CPU,CPU Only (NVML error),0.0,0.0,0.0,0.0,0.0,
2025-11-17T13:24:33,Cluster_KMEans,2,0.034566640853881836,44.15,0.0,24.08,0.0,2.3121241993374295e-07,0.0001098258994685279,CPU,CPU Only (NVML error),0.0,0.0,0.0,0.0,0.0,
2025-11-17T13:24:33,Cluster_KMEans,3,0.040035247802734375,36.0,0.0,17.5,0.0,1.946157879299588e-07,9.244249926673041e-05,CPU,CPU Only (NVML error),0.0,0.0,0.0,0.0,0.0,
2025-11-17T13:24:34,Cluster_KMEans,4,0.02614617347717285,47.0,0.0,21.875,0.0,1.5887431800365448e-07,7.546530105173588e-05,CPU,CPU Only (NVML error),0.0,0.0,0.0,0.0,0.0,
2025-11-17T13:24:34,Cluster_KMEans,5,0.004492521286010742,6.7,0.0,2.0,0.0,2.4958451588948567e-09,1.1855264504750569e-06,CPU,CPU Only (NVML error),0.0,0.0,0.0,0.0,0.0,
2025-11-17T13:24:35,Cluster_KMEans,6,0.7967019081115723,27.9,0.0,8.049999999999999,0.0,1.78151398897171e-06,0.0008462191447615623,CPU,CPU Only (NVML error),0.0,0.0,0.0,0.0,0.0,
2025-11-17T13:25:05,Cluster_KMEans,1,3.0103535652160645,25.549999999999997,0.0,9.415,0.0,7.872910782363679e-06,0.0037396326216227473,CPU,CPU Only (NVML error),0.0,0.0,0.0,0.0,0.0,
2025-11-17T13:25:06,Cluster_KMEans,2,0.034340620040893555,56.1,0.0,28.84,0.0,2.751065227720473e-07,0.00013067559831672247,CPU,CPU Only (NVML error),0.0,0.0,0.0,0.0,0.0,
2025-11-17T13:25:06,Cluster_KMEans,3,0.03470778465270996,53.3,0.0,24.5,0.0,2.3620575666427612e-07,0.00011219773441553115,CPU,CPU Only (NVML error),0.0,0.0,0.0,0.0,0.0,
2025-11-17T13:25:07,Cluster_KMEans,4,0.024966001510620117,36.05,0.0,21.875,0.0,1.5170313417911528e-07,7.205898873507977e-05,CPU,CPU Only (NVML error),0.0,0.0,0.0,0.0,0.0,
2025-11-17T13:25:07,Cluster_KMEans,5,0.004604816436767578,14.0,0.0,2.0,0.0,2.5582313537597656e-09,1.2151598930358887e-06,CPU,CPU Only (NVML error),0.0,0.0,0.0,0.0,0.0,
2025-11-17T13:25:08,Cluster_KMEans,6,0.7669811248779297,21.6,0.0,10.29,0.0,2.192287715276082e-06,0.001041336664756139,CPU,CPU Only (NVML error),0.0,0.0,0.0,0.0,0.0,
2025-11-17T13:28:52,Cluster_KMEans,1,3.2029778957366943,31.549999999999997,0.0,10.989999999999998,0.0,9.777979742818407e-06,0.004644540377838743,CPU,CPU Only (NVML error),0.0,0.0,0.0,0.0,0.0,
2025-11-17T13:28:52,Cluster_KMEans,2,0.032524824142456055,57.7,0.0,21.875,0.0,1.9763348003228503e-07,9.387590301533539e-05,CPU,CPU Only (NVML error),0.0,0.0,0.0,0.0,0.0,
2025-11-17T13:28:52,Cluster_KMEans,3,0.0350031852722168,50.0,0.0,17.5,0.0,1.7015437285105387e-07,8.082332710425058e-05,CPU,CPU Only (NVML error),0.0,0.0,0.0,0.0,0.0,
2025-11-17T13:28:52,Cluster_KMEans,4,0.03134942054748535,100.0,0.0,35.0,0.0,3.0478603310055205e-07,0.00014477336572276222,CPU,CPU Only (NVML error),0.0,0.0,0.0,0.0,0.0,
2025-11-17T13:28:52,Cluster_KMEans,5,0.004541873931884766,50.0,0.0,2.0,0.0,2.5232632954915365e-09,1.1985500653584799e-06,CPU,CPU Only (NVML error),0.0,0.0,0.0,0.0,0.0,
2025-11-17T13:28:53,Cluster_KMEans,6,0.8788073062896729,51.45,0.0,14.139999999999999,0.0,3.451759808593326e-06,0.0016395859090818298,CPU,CPU Only (NVML error),0.0,0.0,0.0,0.0,0.0,
2025-11-17T15:36:38,Cluster_KMEans,1,0.015067338943481445,12.3,0.0,2.0,0.0,8.370743857489692e-09,3.976103332307603e-06,CPU,CPU Only (NVML error),0.0,0.0,0.0,0.0,0.0,
2025-11-17T15:36:39,Cluster_KMEans,2,1.2269666194915771,40.6,0.0,6.544999999999999,0.0,2.230693479047881e-06,0.0010595794025477433,CPU,CPU Only (NVML error),0.0,0.0,0.0,0.0,0.0,
2025-11-17T15:36:45,Cluster_KMEans,3,0.007635354995727539,33.9,0.0,19.985,0.0,4.238682488600413e-08,2.013374182085196e-05,CPU,CPU Only (NVML error),0.0,0.0,0.0,0.0,0.0,
2025-11-17T15:36:48,Cluster_KMEans,4,0.0076982975006103516,4.25,0.0,2.0,0.0,4.276831944783529e-09,2.031495173772176e-06,CPU,CPU Only (NVML error),0.0,0.0,0.0,0.0,0.0,
2025-11-17T15:36:48,Cluster_KMEans,1,0.02069234848022461,37.5,0.0,26.25,0.0,1.5088170766830445e-07,7.166881114244461e-05,CPU,CPU Only (NVML error),0.0,0.0,0.0,0.0,0.0,
2025-11-17T15:47:03,Cluster_KMEans,1,0.01471567153930664,27.65,0.0,14.0,0.0,5.7227611541748045e-08,2.718311548233032e-05,CPU,CPU Only (NVML error),0.0,0.0,0.0,0.0,0.0,
2025-11-17T15:47:18,Cluster_KMEans,2,0.5866532325744629,14.5,0.0,7.419999999999999,0.0,1.2091574960284764e-06,0.0005743498106135262,CPU,CPU Only (NVML error),0.0,0.0,0.0,0.0,0.0,
2025-11-17T15:47:28,Cluster_KMEans,3,0.006634950637817383,3.15,0.0,2.0,0.0,3.6860836876763238e-09,1.7508897516462536e-06,CPU,CPU Only (NVML error),0.0,0.0,0.0,0.0,0.0,
2025-11-17T15:47:35,Cluster_KMEans,4,0.003887653350830078,5.45,0.0,2.0,0.0,2.159807417127821e-09,1.0259085231357151e-06,CPU,CPU Only (NVML error),0.0,0.0,0.0,0.0,0.0,
2025-11-17T15:47:49,Cluster_KMEans,5,0.0028655529022216797,7.7,0.0,2.0,0.0,1.5919738345675999e-09,7.561875714196099e-07,CPU,CPU Only (NVML error),0.0,0.0,0.0,0.0,0.0,
2025-11-17T15:48:02,Cluster_KMEans,6,0.006878852844238281,37.4,0.0,21.875,0.0,4.1798584991031224e-08,1.9854327870739832e-05,CPU,CPU Only (NVML error),0.0,0.0,0.0,0.0,0.0,
2025-11-17T15:48:23,Cluster_KMEans,7,0.006942033767700195,25.4,0.0,13.125,0.0,2.5309498111406963e-08,1.2022011602918307e-05,CPU,CPU Only (NVML error),0.0,0.0,0.0,0.0,0.0,
2025-11-17T15:48:33,Cluster_KMEans,8,0.0024771690368652344,5.95,0.0,2.0,0.0,1.3762050204806857e-09,6.536973847283258e-07,CPU,CPU Only (NVML error),0.0,0.0,0.0,0.0,0.0,
2025-11-17T15:48:49,Cluster_KMEans,9,0.0047948360443115234,2.0,0.0,2.0,0.0,2.663797802395291e-09,1.265303956137763e-06,CPU,CPU Only (NVML error),0.0,0.0,0.0,0.0,0.0,
2025-11-17T15:49:04,Cluster_KMEans,10,0.003802061080932617,3.1,0.0,2.0,0.0,2.112256156073676e-09,1.0033216741349961e-06,CPU,CPU Only (NVML error),0.0,0.0,0.0,0.0,0.0,
2025-11-17T15:49:15,Unknown_Notebook,1,11.074207067489624,6.2,0.0,4.34,0.0,1.3350571853584711e-05,0.006341521630452738,CPU,CPU Only (NVML error),0.0,0.0,0.0,0.0,0.0,
2025-11-17T15:49:27,Cluster_KMEans,11,0.0037813186645507812,31.15,0.0,17.5,0.0,1.8381410174899634e-08,8.731169833077324e-06,CPU,CPU Only (NVML error),0.0,0.0,0.0,0.0,0.0,
2025-11-17T15:49:37,Unknown_Notebook,2,10.20107102394104,4.65,0.0,3.255,0.0,9.22346838414669e-06,0.004381147482469678,CPU,CPU Only (NVML error),0.0,0.0,0.0,0.0,0.0,
2025-11-17T15:49:51,Cluster_KMEans,12,0.007783651351928711,11.55,0.0,4.375,0.0,9.459298517968919e-09,4.493166796035236e-06,CPU,CPU Only (NVML error),0.0,0.0,0.0,0.0,0.0,
2025-11-17T15:50:03,Unknown_Notebook,3,12.788001537322998,6.5,0.0,4.55,0.0,1.6162613054116568e-05,0.0076772412007053694,CPU,CPU Only (NVML error),0.0,0.0,0.0,0.0,0.0,
2025-11-17T15:50:13,Cluster_KMEans,13,0.003328561782836914,7.05,0.0,2.0,0.0,1.8492009904649523e-09,8.783704704708523e-07,CPU,CPU Only (NVML error),0.0,0.0,0.0,0.0,0.0,
2025-11-17T15:50:35,Unknown_Notebook,4,22.40468168258667,5.65,0.0,3.955,0.0,2.46140322373973e-05,0.011691665312763718,CPU,CPU Only (NVML error),0.0,0.0,0.0,0.0,0.0,
2025-11-17T15:50:44,Cluster_KMEans,14,0.003124237060546875,11.0,0.0,2.0,0.0,1.735687255859375e-09,8.244514465332031e-07,CPU,CPU Only (NVML error),0.0,0.0,0.0,0.0,0.0,
2025-11-17T15:51:24,Cluster_KMEans,1,0.6431002616882324,21.75,0.0,10.29,0.0,1.8381949146588642e-06,0.0008731425844629604,CPU,CPU Only (NVML error),0.0,0.0,0.0,0.0,0.0,
2025-11-17T15:51:40,Cluster_KMEans,2,0.0029230117797851562,19.65,0.0,8.75,0.0,7.104542520311143e-09,3.374657697147793e-06,CPU,CPU Only (NVML error),0.0,0.0,0.0,0.0,0.0,
2025-11-17T15:51:51,Cluster_KMEans,3,0.008634090423583984,14.55,0.0,4.375,0.0,1.0492818223105537e-08,4.98408865597513e-06,CPU,CPU Only (NVML error),0.0,0.0,0.0,0.0,0.0,
2025-11-17T15:55:32,Cluster_KMEans,1,0.017537355422973633,15.0,0.0,2.0,0.0,9.742975234985351e-09,4.627913236618042e-06,CPU,CPU Only (NVML error),0.0,0.0,0.0,0.0,0.0,
2025-11-17T15:56:01,Cluster_KMEans,2,1.4493534564971924,16.0,0.0,7.455,0.0,3.001369449496269e-06,0.0014256504885107276,CPU,CPU Only (NVML error),0.0,0.0,0.0,0.0,0.0,
2025-11-17T15:56:14,Cluster_KMEans,3,0.7109661102294922,28.3,0.0,15.645,0.0,3.089740220705668e-06,0.0014676266048351922,CPU,CPU Only (NVML error),0.0,0.0,0.0,0.0,0.0,
2025-11-17T15:56:25,Cluster_KMEans,4,0.00571441650390625,8.9,0.0,2.0,0.0,3.174675835503472e-09,1.5079710218641492e-06,CPU,CPU Only (NVML error),0.0,0.0,0.0,0.0,0.0,
2025-11-17T15:56:39,Cluster_KMEans,5,0.11751413345336914,54.4,0.0,32.62,0.0,1.064808620346917e-06,0.0005057840946647856,CPU,CPU Only (NVML error),0.0,0.0,0.0,0.0,0.0,
2025-11-17T15:56:54,Unknown_Notebook,1,15.401782274246216,6.1,0.0,4.27,0.0,1.8268225086397592e-05,0.008677406916038856,CPU,CPU Only (NVML error),0.0,0.0,0.0,0.0,0.0,
2025-11-17T15:57:09,Cluster_KMEans,6,0.38692378997802734,25.35,0.0,14.665,0.0,1.5761770500077142e-06,0.0007486840987536642,CPU,CPU Only (NVML error),0.0,0.0,0.0,0.0,0.0,
2025-11-17T15:57:27,Unknown_Notebook,2,17.97731590270996,4.6,0.0,3.2199999999999998,0.0,1.6079710335201686e-05,0.007637862409220801,CPU,CPU Only (NVML error),0.0,0.0,0.0,0.0,0.0,
2025-11-17T15:57:43,Cluster_KMEans,7,0.020998477935791016,31.4,0.0,17.5,0.0,1.0207593441009522e-07,4.8486068844795224e-05,CPU,CPU Only (NVML error),0.0,0.0,0.0,0.0,0.0,
2025-11-17T15:58:07,Unknown_Notebook,3,23.926424741744995,6.0,0.0,4.199999999999999,0.0,2.7914162198702488e-05,0.013259227044383681,CPU,CPU Only (NVML error),0.0,0.0,0.0,0.0,0.0,
2025-11-17T15:58:25,Unknown_Notebook,4,3.2930541038513184,8.9,0.0,6.2299999999999995,0.0,5.69881307416492e-06,0.002706936210228337,CPU,CPU Only (NVML error),0.0,0.0,0.0,0.0,0.0,
2025-11-17T15:58:39,Unknown_Notebook,5,4.512618780136108,6.75,0.0,4.725,0.0,5.922812148928642e-06,0.0028133357707411048,CPU,CPU Only (NVML error),0.0,0.0,0.0,0.0,0.0,
2025-11-17T15:58:56,Cluster_KMEans,1,0.012650728225708008,27.349999999999998,0.0,11.654999999999998,0.0,4.095673263072966e-08,1.9454447999596588e-05,CPU,CPU Only (NVML error),0.0,0.0,0.0,0.0,0.0,
2025-11-17T15:59:08,Cluster_KMEans,2,0.0073010921478271484,32.15,0.0,17.5,0.0,3.549142016304864e-08,1.6858424577448103e-05,CPU,CPU Only (NVML error),0.0,0.0,0.0,0.0,0.0,
2025-11-17T15:59:40,Cluster_KMEans,3,0.003192901611328125,50.9,0.0,30.624999999999996,0.0,2.7161836624145507e-08,1.2901872396469115e-05,CPU,CPU Only (NVML error),0.0,0.0,0.0,0.0,0.0,
2025-11-17T15:59:47,Cluster_KMEans,4,0.0029761791229248047,16.05,0.0,8.75,0.0,7.233768701553345e-09,3.4360401332378384e-06,CPU,CPU Only (NVML error),0.0,0.0,0.0,0.0,0.0,
2025-11-17T15:59:56,Cluster_KMEans,5,0.006338357925415039,3.8,0.0,2.0,0.0,3.5213099585639106e-09,1.6726222303178574e-06,CPU,CPU Only (NVML error),0.0,0.0,0.0,0.0,0.0,
2025-11-17T16:00:25,Cluster_KMEans,1,0.019207000732421875,16.45,0.0,2.0,0.0,1.0670555962456597e-08,5.068514082166883e-06,CPU,CPU Only (NVML error),0.0,0.0,0.0,0.0,0.0,
2025-11-17T16:00:35,Cluster_KMEans,2,2.7672171592712402,13.350000000000001,0.0,5.3549999999999995,0.0,4.11623552441597e-06,0.001955211874097585,CPU,CPU Only (NVML error),0.0,0.0,0.0,0.0,0.0,
2025-11-17T16:00:48,Cluster_KMEans,3,0.0046176910400390625,52.95,0.0,35.0,0.0,4.489421844482422e-08,2.13247537612915e-05,CPU,CPU Only (NVML error),0.0,0.0,0.0,0.0,0.0,
2025-11-17T16:00:52,Cluster_KMEans,4,0.6309797763824463,20.5,0.0,12.285,0.0,2.153218486905098e-06,0.0010227787812799214,CPU,CPU Only (NVML error),0.0,0.0,0.0,0.0,0.0,
2025-11-17T16:01:03,Cluster_KMEans,5,0.007859468460083008,7.6,0.0,2.0,0.0,4.366371366712782e-09,2.0740263991885717e-06,CPU,CPU Only (NVML error),0.0,0.0,0.0,0.0,0.0,
2025-11-17T16:01:13,Cluster_KMEans,6,0.06824517250061035,19.1,0.0,8.75,0.0,1.6587368316120573e-07,7.878999950157271e-05,CPU,CPU Only (NVML error),0.0,0.0,0.0,0.0,0.0,
2025-11-17T16:01:23,Unknown_Notebook,1,9.20025372505188,5.2,0.0,3.6399999999999997,0.0,9.302478766441345e-06,0.004418677414059638,CPU,CPU Only (NVML error),0.0,0.0,0.0,0.0,0.0,
2025-11-17T16:01:34,Cluster_KMEans,7,0.31058835983276367,22.0,0.0,10.36,0.0,8.938042799631754e-07,0.0004245570329825083,CPU,CPU Only (NVML error),0.0,0.0,0.0,0.0,0.0,
2025-11-17T16:01:48,Unknown_Notebook,2,14.973475217819214,5.0,0.0,3.5,0.0,1.455754535065757e-05,0.0069148340415623455,CPU,CPU Only (NVML error),0.0,0.0,0.0,0.0,0.0,
2025-11-17T16:02:08,Cluster_KMEans,8,0.009883642196655273,4.55,0.0,2.0,0.0,5.4909123314751516e-09,2.608183357450697e-06,CPU,CPU Only (NVML error),0.0,0.0,0.0,0.0,0.0,
2025-11-17T16:02:20,Unknown_Notebook,3,11.983802795410156,7.75,0.0,5.425,0.0,1.8058925045861138e-05,0.00857798939678404,CPU,CPU Only (NVML error),0.0,0.0,0.0,0.0,0.0,
2025-11-17T16:02:34,Cluster_KMEans,9,0.7003653049468994,25.1,0.0,10.955,0.0,2.131250532137023e-06,0.001012344002765086,CPU,CPU Only (NVML error),0.0,0.0,0.0,0.0,0.0,
2025-11-17T16:02:47,Unknown_Notebook,4,13.580702066421509,7.45,0.0,5.215,0.0,1.9673155910107825e-05,0.009344749057301215,CPU,CPU Only (NVML error),0.0,0.0,0.0,0.0,0.0,
2025-11-17T17:16:12,Unknown_Notebook,1,23.93676733970642,8.15,0.0,5.705,0.0,3.793312713139587e-05,0.018018235387413036,CPU,CPU Only (NVML error),0.0,0.0,0.0,0.0,0.0,
2025-11-17T17:16:48,Unknown_Notebook,2,11.185145378112793,9.6,0.0,6.72,0.0,2.0878938039143878e-05,0.009917495568593343,CPU,CPU Only (NVML error),0.0,0.0,0.0,0.0,0.0,
2025-11-17T17:17:25,Unknown_Notebook,3,9.990107774734497,8.95,0.0,6.264999999999999,0.0,1.7385562557975447e-05,0.008258142215038337,CPU,CPU Only (NVML error),0.0,0.0,0.0,0.0,0.0,
2025-11-17T17:18:01,Unknown_Notebook,4,10.368379354476929,49.65,0.0,4.13,0.0,1.1894835203886032e-05,0.005650046721845865,CPU,CPU Only (NVML error),0.0,0.0,0.0,0.0,0.0,
2025-11-17T17:23:07,Cluster_KMeans,1,1.4327797889709473,25.3,0.0,8.61,0.0,3.426731661955515e-06,0.0016276975394288696,CPU,CPU Only (NVML error),0.0,0.0,0.0,0.0,0.0,
2025-11-17T17:23:42,Cluster_KMeans,2,0.0035996437072753906,10.05,0.0,2.0,0.0,1.9998020595974395e-09,9.499059783087836e-07,CPU,CPU Only (NVML error),0.0,0.0,0.0,0.0,0.0,
2025-11-17T17:24:25,Cluster_KMeans,1,0.015108346939086914,44.9,0.0,21.875,0.0,9.180419147014618e-08,4.360699094831943e-05,CPU,CPU Only (NVML error),0.0,0.0,0.0,0.0,0.0,
2025-11-17T17:24:33,Cluster_KMeans,2,0.004294633865356445,5.75,0.0,2.0,0.0,2.3859077029758027e-09,1.1333061589135063e-06,CPU,CPU Only (NVML error),0.0,0.0,0.0,0.0,0.0,
2025-11-17T17:24:40,Cluster_KMeans,3,0.002866029739379883,4.15,0.0,2.0,0.0,1.592238744099935e-09,7.563134034474691e-07,CPU,CPU Only (NVML error),0.0,0.0,0.0,0.0,0.0,
2025-11-17T17:25:05,Cluster_KMeans,4,0.007340669631958008,39.3,0.0,21.875,0.0,4.4604763388633726e-08,2.118726260960102e-05,CPU,CPU Only (NVML error),0.0,0.0,0.0,0.0,0.0,
2025-11-17T17:25:19,Cluster_KMeans,5,0.007303953170776367,31.65,0.0,17.5,0.0,3.5505327913496235e-08,1.686503075891071e-05,CPU,CPU Only (NVML error),0.0,0.0,0.0,0.0,0.0,
2025-11-17T17:26:05,Cluster_KMeans,6,0.0029158592224121094,35.5,0.0,21.0,0.0,1.700917879740397e-08,8.079359928766885e-06,CPU,CPU Only (NVML error),0.0,0.0,0.0,0.0,0.0,
2025-11-17T17:26:12,Cluster_KMeans,7,0.008026123046875,10.0,0.0,2.0,0.0,4.4589572482638885e-09,2.118004692925347e-06,CPU,CPU Only (NVML error),0.0,0.0,0.0,0.0,0.0,
2025-11-17T17:26:46,Cluster_KMeans,8,0.0032961368560791016,7.6,0.0,2.0,0.0,1.8311871422661674e-09,8.698138925764295e-07,CPU,CPU Only (NVML error),0.0,0.0,0.0,0.0,0.0,
2025-11-17T17:26:55,Cluster_KMeans,9,0.0032379627227783203,8.05,0.0,2.0,0.0,1.798868179321289e-09,8.544623851776123e-07,CPU,CPU Only (NVML error),0.0,0.0,0.0,0.0,0.0,
2025-11-17T17:27:37,Cluster_KMeans,10,0.00838780403137207,8.45,0.0,2.0,0.0,4.65989112854004e-09,2.2134482860565186e-06,CPU,CPU Only (NVML error),0.0,0.0,0.0,0.0,0.0,
2025-11-17T17:28:22,Cluster_KMeans,1,0.012121438980102539,38.5,0.0,17.5,0.0,5.892366170883179e-08,2.79887393116951e-05,CPU,CPU Only (NVML error),0.0,0.0,0.0,0.0,0.0,
2025-11-17T17:28:45,Cluster_KMeans,2,1.8678607940673828,31.65,0.0,17.15,0.0,8.898281282848783e-06,0.004226683609353171,CPU,CPU Only (NVML error),0.0,0.0,0.0,0.0,0.0,
2025-11-17T17:29:02,Cluster_KMeans,3,0.019568204879760742,61.9,0.0,35.0,0.0,1.9024643633100723e-07,9.036705725722843e-05,CPU,CPU Only (NVML error),0.0,0.0,0.0,0.0,0.0,
2025-11-17T17:29:08,Cluster_KMeans,4,0.0027141571044921875,15.35,0.0,2.0,0.0,1.5078650580512152e-09,7.162359025743272e-07,CPU,CPU Only (NVML error),0.0,0.0,0.0,0.0,0.0,
2025-11-17T17:29:16,Cluster_KMeans,5,0.008529424667358398,45.4,0.0,21.875,0.0,5.182810127735138e-08,2.4618348106741905e-05,CPU,CPU Only (NVML error),0.0,0.0,0.0,0.0,0.0,
2025-11-17T17:29:23,Cluster_KMeans,6,0.0027501583099365234,47.099999999999994,0.0,15.014999999999999,0.0,1.1470451951026915e-08,5.448464676737784e-06,CPU,CPU Only (NVML error),0.0,0.0,0.0,0.0,0.0,
2025-11-17T17:30:18,Cluster_KMeans,1,0.020780324935913086,36.75,0.0,17.5,0.0,1.0101546843846639e-07,4.798234750827154e-05,CPU,CPU Only (NVML error),0.0,0.0,0.0,0.0,0.0,
2025-11-17T17:32:00,Cluster_KMeans,2,1.6805033683776855,26.85,0.0,12.915,0.0,6.028805834054947e-06,0.0028636827711760993,CPU,CPU Only (NVML error),0.0,0.0,0.0,0.0,0.0,
2025-11-17T17:46:16,TEST_NOTEBOOK,1,0.014203548431396484,25.95,0.0,13.125,0.0,5.178377032279968e-08,2.4597290903329845e-05,CPU,CPU Only,0.0,0.0,0.0,0.0,0.0,
2025-11-17T17:48:30,TEST_NOTEBOOK,1,0.01972508430480957,60.5,0.0,35.0,0.0,1.9177165296342638e-07,9.109153515762754e-05,CPU,CPU Only,0.0,0.0,0.0,0.0,0.0,,Balanced – Continue Current Hardware,,🤖 Leverage your idle GPU to offload CPU-intensive tasks.
2025-11-17T17:50:39,TEST_NOTEBOOK,1,0.013562440872192383,20.95,0.0,4.375,0.0,1.6482133004400463e-08,7.82901317709022e-06,CPU,CPU Only,0.0,0.0,0.0,0.0,0.0,,Balanced – Continue Current Hardware,,🤖 Identify the bottleneck: Is this usage normal for your current task?
2025-11-17T17:54:58,TEST_NOTEBOOK,1,0.010164976119995117,17.3,0.0,4.375,0.0,1.2353269590271843e-08,5.867803055379125e-06,CPU,CPU Only,0.0,0.0,0.0,0.0,0.0,,Optimal,1.0,No changes required – system efficient
2025-11-17T17:55:29,TEST_NOTEBOOK,2,9.963102340698242,20.25,0.0,10.254999999999999,0.0,2.8381004028850128e-05,0.013480976913703811,CPU,CPU Only,0.0,0.0,0.0,0.0,0.0,,Optimal,1.0,No changes required – system efficient
2025-11-17T17:55:45,TEST_NOTEBOOK,3,0.9291894435882568,19.4,0.0,9.589999999999998,0.0,2.4752574344476063e-06,0.0011757472813626129,CPU,CPU Only,0.0,0.0,0.0,0.0,0.0,,Balanced – Continue Current Hardware,,"❌ Runtime error: [Errno 2] No such file or directory: 'missing.csv' | 🤖 Enable hardware acceleration to offload tasks and utilize your idle GPU. | 💡 Fix → pd.read_csv(""your_actual_file.csv"") # Replace with the actual path to your CSV file"
2025-11-17T18:13:46,TEST_NOTEBOOK,1,0.017436981201171875,12.9,0.0,2.0,0.0,9.68721177842882e-09,4.601425594753689e-06,CPU,CPU Only,0.0,0.0,0.0,0.0,0.0,,Optimal,1.0,No changes required – system efficient
2025-11-17T18:14:06,TEST_NOTEBOOK,2,11.175702095031738,17.6,0.0,8.785,0.0,2.7271817473570505e-05,0.01295411329994599,CPU,CPU Only,0.0,0.0,0.0,0.0,0.0,,Optimal,1.0,No changes required – system efficient
2025-11-17T18:14:19,TEST_NOTEBOOK,3,0.9968404769897461,21.75,0.0,11.829999999999998,0.0,3.2757285674413044e-06,0.0015559710695346196,CPU,CPU Only,0.0,0.0,0.0,0.0,0.0,,Balanced – Continue Current Hardware,,"❌ Runtime error: [Errno 2] No such file or directory: 'missing.csv' | 🤖 Ensure your PC is actually on and the temperature sensor is working, as 0°C for an active CPU is impossible. | 💡 Fix → `pd.DataFrame().to_csv('missing.csv', index=False)`"
2025-11-17T18:22:45,TEST_NOTEBOOK,4,0.003488779067993164,4.65,0.0,2.0,0.0,1.9382105933295356e-09,9.206500318315294e-07,CPU,CPU Only,0.0,0.0,0.0,0.0,0.0,,Optimal,1.0,No changes required – system efficient
2025-11-17T18:24:53,TEST_NOTEBOOK,1,0.025287866592407227,36.5,0.0,8.75,0.0,6.146356463432312e-08,2.919519320130348e-05,CPU,CPU Only,0.0,0.0,0.0,0.0,0.0,,Optimal,1.0,No changes required – system efficient
2025-11-17T18:24:55,TEST_NOTEBOOK,2,2.17539381980896,40.9,0.0,13.089999999999998,0.0,7.9099736392498e-06,0.0037572374786436547,CPU,CPU Only,0.0,0.0,0.0,0.0,0.0,,Optimal,1.0,No changes required – system efficient
2025-11-17T18:27:43,TEST_NOTEBOOK,1,0.14283347129821777,49.6,0.0,27.544999999999998,0.0,1.0928744352526135e-06,0.0005191153567449914,CPU,CPU Only,0.0,0.0,0.0,0.0,0.0,,Optimal,1.0,No changes required – system efficient
2025-11-17T18:29:36,TEST_NOTEBOOK,1,0.19366908073425293,32.8,0.0,15.714999999999998,0.0,8.454193343718846e-07,0.0004015741838266452,CPU,CPU Only,0.0,0.0,0.0,0.0,0.0,,Optimal,1.0,No changes required – system efficient
2025-11-17T18:31:16,TEST_NOTEBOOK,2,0.0601043701171875,35.25,0.0,22.259999999999998,0.0,3.716453552246094e-07,0.00017653154373168943,CPU,CPU Only,0.0,0.0,0.0,0.0,0.0,,Optimal,1.0,No changes required – system efficient
2025-11-17T18:33:24,TEST_NOTEBOOK,1,0.07013106346130371,31.7,0.0,17.5,0.0,3.4091489182578196e-07,0.00016193457361724642,GPU,NVIDIA GeForce MX330,0.0,59.0,117.0,1852.0,2048.0,,Optimal,1.0,No changes required – system efficient
2025-11-17T18:34:48,TEST_NOTEBOOK,1,3.170710325241089,24.950000000000003,8.0,10.885,0.0,9.586994969513681e-06,0.004553822610518998,GPU,NVIDIA GeForce MX330,0.0,60.0,134.0,1835.0,2048.0,,Optimal,1.0,No changes required – system efficient
2025-11-17T18:35:05,TEST_NOTEBOOK,1,3.1095962524414062,24.799999999999997,7.5,10.464999999999998,0.0,9.039423550499809e-06,0.004293726186487409,GPU,NVIDIA GeForce MX330,0.0,61.0,139.0,1830.0,2048.0,,Optimal,1.0,No changes required – system efficient
2025-11-17T18:35:48,TEST_NOTEBOOK,2,0.1242680549621582,30.700000000000003,9.0,15.61,0.0,5.388400938775803e-07,0.00025594904459185066,GPU,NVIDIA GeForce MX330,0.0,59.0,127.0,1842.0,2048.0,,Optimal,1.0,No changes required – system efficient
2025-11-17T18:36:56,TEST_NOTEBOOK,3,0.11848926544189453,28.2,12.5,11.654999999999998,0.0,3.8360899686813353e-07,0.0001822142735123634,GPU,NVIDIA GeForce MX330,0.0,59.0,145.0,1825.0,2048.0,,Optimal,1.0,No changes required – system efficient
2025-11-17T18:40:17,TEST_NOTEBOOK,1,0.07040691375732422,26.7,0.0,12.25,0.0,2.3957908153533936e-07,0.0001138000637292862,GPU,NVIDIA GeForce MX330,0.0,57.0,162.0,1807.0,2048.0,,Optimal,1.0,No changes required – system efficient
2025-11-17T19:26:01,TEST_NOTEBOOK,1,0.10671591758728027,45.349999999999994,2.0,24.779999999999998,0.0,7.345612327257792e-07,0.0003489165855447451,GPU,NVIDIA GeForce MX330,0.0,59.0,140.0,1829.0,2048.0,,Optimal,1.0,No changes required – system efficient
2025-11-17T19:55:02,TEST_NOTEBOOK,1,0.12949395179748535,85.45,17.0,32.865,0.0,1.1821718682845435e-06,0.0005615316374351581,GPU,NVIDIA GeForce MX330,0.0,60.0,130.0,1840.0,2048.0,,CPU Bottleneck – Enable GPU,,"⚠ High CPU load while GPU is idle → move workload to GPU | 🤖 Address the 0°C temperature first, as it indicates a sensor or reporting issue."
